id;object_id;y_start_coordinate;x_start_coordinate;y_end_coordinate;x_end_coordinate;tag_id;pipe_name;description;diameter;diameter_un;material;operation_type;construction_year;p_1_length;actual_length;comparison_standard;lok_class;pipe_material;pen_tools;row;maop_dp;max_temperature;plo_number;coi_number;ra_pipe;inspection;expired;modified;plo_document;plo_report;coi_document;ra_document;file;file_content_type;area_id
1;81807;55419;11852;30008;83637;Iran Alaska;Colorado;Grocery background;13131;e-business COM grey;Fish;Executive;80159;21279;85020;Investment Account convergence;8695;Borders;Berkshire AGP Marketing;quantify Colorado;magenta Table;Czech Koruna;Incredible Toys Cambridgeshire;mobile Director;infrastructures haptic;2020-08-25;2020-08-25;2020-08-26;USB Shirt;Cambridgeshire Cambridgeshire Research;Rhode Island Generic;compressing compressing Toys;../fake-data/blob/hipster.png;image/png;1
2;5971;835;43244;17460;92197;Right-sized;compressing withdrawal;Incredible invoice holistic;47178;vortals California Gibraltar;Auto Loan Account Personal Loan Account;Assurance metrics ADP;85785;69134;57132;Iowa architect;23210;Savings Account enterprise hierarchy;Wooden;Borders;e-commerce Multi-lateral radical;e-enable Syrian Pound software;Directives;utilize Haiti sensor;Movies Vision-oriented;2020-08-26;2020-08-26;2020-08-25;copy;Licensed Fresh Car plum asymmetric;Turkmenistan;Facilitator Afghani;../fake-data/blob/hipster.png;image/png;2
3;40716;4590;79402;10188;4263;Kenyan Shilling;black;violet Frozen;3374;synthesizing input;invoice De-engineered Cambridgeshire;Group North Dakota;26916;45894;8932;Central Minnesota;14812;overriding parsing array;Concrete synergy Fresh;Engineer override;Security intermediate;Consultant Producer;Identity Mauritius Web;XSS Representative applications;orange Designer deposit;2020-08-26;2020-08-25;2020-08-25;matrix Junction;Handmade Plastic Fish;Iowa methodical;North Dakota Exclusive;../fake-data/blob/hipster.png;image/png;3
4;20266;71377;28333;10096;36934;web services;Barbados Dollar XML;Borders;38430;Delaware Licensed Refined Concrete Ball;deploy;Tasty Concrete Tuna invoice;31940;36492;15156;Assistant Bedfordshire Outdoors;84350;Fish Quality 24 hour;Regional Movies;orchestrate;cyan deposit Automotive;Bolivar Fuerte Human;Technician mesh;transmitter;Web New Zealand Dollar Checking Account;2020-08-25;2020-08-26;2020-08-25;back-end Tools;Ergonomic Fresh Computer local area network Engineer;scalable quantify partnerships;East Caribbean Dollar cutting-edge;../fake-data/blob/hipster.png;image/png;4
5;21304;71971;49787;37077;96616;scalable Rubber Soft;Indian Rupee Ngultrum;Operations teal;65135;Salad Frozen;Frozen Jewelery e-commerce;Soft Personal Loan Account;35166;56915;83162;Paradigm Wells;75924;Meadow Saint Helena Pound Sterling;Convertible Marks Towels;Jordanian Dinar;Money Market Account Steel Path;payment integrated plum;Specialist distributed blue;reintermediate;focus group migration;2020-08-25;2020-08-25;2020-08-26;Iran;overriding envisioneer actuating;Rustic Unbranded Web;Chief Saint Lucia ADP;../fake-data/blob/hipster.png;image/png;5
6;70803;2890;57473;42237;54569;Frozen Future-proofed policy;Panama;Arkansas Bedfordshire;22676;Kazakhstan Generic Intelligent Metal Cheese;Licensed Forward;logistical;60686;92034;60057;Refined Fresh Hat calculate index;23488;Rhode Island;Lilangeni;virtual Home Loan Account synergy;North Korean Won;intangible;utilize functionalities;Metal;Soft;2020-08-26;2020-08-26;2020-08-25;indexing synthesizing relationships;Accounts yellow;enhance;virtual;../fake-data/blob/hipster.png;image/png;6
7;52057;21079;19213;530;54286;Future connecting facilitate;program Response Fiji Dollar;Personal Loan Account Automated New Leu;315;Iraq;Representative;Group;43344;58717;86937;Investment Account compressing Won;93576;withdrawal;Croatian Kuna;portal Cape Verde Escudo;Technician RSS Usability;virtual Minnesota primary;evolve;Uzbekistan Sum Granite;Cotton Home Loan Account Gorgeous;2020-08-26;2020-08-25;2020-08-25;matrices Directives silver;Granite SSL;SQL Savings Account;facilitate Avon;../fake-data/blob/hipster.png;image/png;7
8;11442;63465;708;56657;80488;context-sensitive;alarm deposit;users;90221;Solutions Soap Representative;Guadeloupe Personal Loan Account Division;Research model system;41108;70682;72586;Lead strategize;68186;Regional back up Street;Beauty;monitor;Assistant Hills Savings Account;Ohio;Markets Ville;Forint;hacking Designer;2020-08-25;2020-08-25;2020-08-26;Port Berkshire value-added;pixel Intuitive bandwidth;Turnpike;navigating;../fake-data/blob/hipster.png;image/png;8
9;39198;70032;44491;77692;3232;Table;parsing;CSS mindshare;22846;Palladium drive Macao;human-resource Peru;Baht;10354;23723;16474;green Fantastic Cotton Pants;81881;migration EXE copying;cyan;Forks quantifying;panel;Kansas dedicated Checking Account;Turnpike;Bike Delaware United States of America;Shirt Stand-alone;2020-08-25;2020-08-26;2020-08-25;facilitate Generic;Central visualize;Grocery;Buckinghamshire payment Solutions;../fake-data/blob/hipster.png;image/png;9
10;9822;20264;98614;52943;47131;withdrawal;neutral Shoes Assurance;synthesizing;37406;Parkway Bahamian Dollar Solomon Islands Dollar;bandwidth human-resource portals;Turks and Caicos Islands approach;67941;47500;47490;synergy SMTP Usability;87791;Checking Account;copying Jewelery deposit;intermediate;Sierra Leone Mozambique;Visionary turquoise Mouse;reinvent methodologies Avon;withdrawal brand withdrawal;bifurcated streamline;2020-08-26;2020-08-26;2020-08-26;user-facing Regional Chair;real-time compress Lead;Steel;brand Analyst;../fake-data/blob/hipster.png;image/png;10
